"id","date","type","source","location","asking_price_eur","status","surface_m2","location_kind","asking_price_m2"
"1","04.10.2026","Maison","Leboncoin (Sales)","Sapogne-et-Feuchères - Commune","42000","Actif","70","commune","600"
"2","04.10.2026","Maison","Leboncoin (Sales)","Wadelincourt - Commune","210000","Actif","170","commune","1235.29"
"3","04.10.2026","Maison","Leboncoin (Sales)","Renwez - Commune","215000","Actif","115","commune","1869.57"
"4","04.10.2026","Appartement","Leboncoin (Sales)","Centre-Exterieurs - Quartier","170000","Actif","174","quartier","977.01"
"5","04.10.2026","Immeuble résidentiel","Leboncoin (Sales)","Monthermé - Commune","163000","Actif","430","commune","379.07"
"6","04.10.2026","Terrain rural","Leboncoin (Sales)","Saint-Pierre-sur-Vence - Commune","7500","Actif","","commune",""
"7","04.10.2026","Commerce","Leboncoin (Sales)","Centre - Quartier","45000","Actif","310","quartier","145.16"
"8","04.10.2026","Appartement","Leboncoin (Sales)","Centre - Quartier","49900","Actif","37","quartier","1348.65"
"9","04.10.2026","Terrain urbain","Leboncoin (Sales)","place Laissez, Douzy","68000","Actif","","street_or_address",""
"10","04.10.2026","Maison","Leboncoin (Sales)","Champs-Monts - Quartier","69000","Actif","77","quartier","896.1"
"11","04.10.2026","Terrain urbain","Leboncoin (Sales)","Etion Nord - Quartier","72000","Actif","","quartier",""
"12","04.10.2026","Terrain urbain","Leboncoin (Sales)","chemin des Huguenots. le, Angecourt","48000","Actif","","street_or_address",""
"13","04.10.2026","Terrain urbain","Leboncoin (Sales)","Le Châtelet-sur-Sormonne - Commune","48000","Actif","","commune",""
"14","04.10.2026","Maison","Leboncoin (Sales)","Vireux-Wallerand - Commune","65000","Actif","80","commune","812.5"
"15","04.10.2026","Maison","Leboncoin (Sales)","Haudrecy - Commune","197000","Actif","193","commune","1020.73"
"16","04.10.2026","Maison","Leboncoin (Sales)","Centre Nord - Quartier","1234","Actif","100","quartier","12.34"
"17","04.10.2026","Maison","Leboncoin (Sales)","Gare Nord et Ouest - Quartier","560000","Actif","170","quartier","3294.12"
"18","04.10.2026","Maison","Leboncoin (Sales)","Sud - Quartier","20000","Actif","110","quartier","181.82"
"19","04.10.2026","Maison de campagne","Leboncoin (Sales)","Taillette - Commune","215000","Actif","139","commune","1546.76"
"20","04.10.2026","Appartement","Leboncoin (Sales)","Gare Nord et Ouest - Quartier","117000","Actif","80","quartier","1462.5"
"21","04.10.2026","Maison","Leboncoin (Sales)","Givry - Commune","166000","Actif","110","commune","1509.09"
"22","04.10.2026","Maison","Leboncoin (Sales)","Villers-Semeuse - Commune","320000","Actif","150","commune","2133.33"
"23","04.10.2026","Maison","Leboncoin (Sales)","Fagnon - Commune","300000","Actif","180","commune","1666.67"
"24","04.10.2026","Maison","Leboncoin (Sales)","Bazeilles - Commune","143000","Actif","170","commune","841.18"
"25","04.10.2026","Maison","Leboncoin (Sales)","Nord Est - Quartier","150000","Actif","95","quartier","1578.95"
"26","04.10.2026","Maison","Leboncoin (Sales)","Wasigny - Commune","52000","Actif","100","commune","520"
"27","04.10.2026","Appartement","Leboncoin (Sales)","Saint-Laurent - Commune","95000","Actif","45","commune","2111.11"
"28","04.10.2026","Maison","Leboncoin (Sales)","Senuc - Commune","58000","Actif","110","commune","527.27"
"29","04.10.2026","Appartement","Leboncoin (Sales)","Victor Hugo Nord - Quartier","87000","Actif","61","quartier","1426.23"
"30","04.10.2026","Terrain rural","Leboncoin (Sales)","Chilly - Commune","9999","Actif","","commune",""
"31","04.10.2026","Terrain rural","Leboncoin (Sales)","Étrépigny - Commune","7500","Actif","","commune",""
"32","04.10.2026","Maison","Leboncoin (Sales)","Lucquy - Commune 115 000 € Actif 110 m² <PARSED TEXT FOR PAGE: 2 / 8>","","","","street_or_address",""
"33","04.10.2026","Appartement","Leboncoin (Sales)","Gare Nord et Ouest - Quartier","179900","Actif","140","quartier","1285"
"34","04.10.2026","Maison","Leboncoin (Sales)","Tournes - Commune","99900","Actif","99","commune","1009.09"
"35","04.10.2026","Terrain urbain","Leboncoin (Sales)","Fond de Givonne - Quartier","19990","Actif","","quartier",""
"36","04.10.2026","Domaine de campagne","Leboncoin (Sales)","Rumigny - Commune","155000","Actif","192","commune","807.29"
"37","04.10.2026","Terrain urbain","Leboncoin (Sales)","Coulommes-et-Marqueny - Commune","25000","Actif","","commune",""
"38","04.10.2026","Studio","Leboncoin (Sales)","62, boulevard Gambetta, Moulinet Nord","78000","Actif","21","street_or_address","3714.29"
"39","04.10.2026","Maison","Leboncoin (Sales)","Montcy-Theux Nord - Quartier","65000","Actif","65","quartier","1000"
"40","04.10.2026","Maison","Leboncoin (Sales)","Dom-le-Mesnil - Commune","185000","Actif","165","commune","1121.21"
"41","04.10.2026","Maison","Leboncoin (Sales)","Éteignières - Commune","265000","Actif","130","commune","2038.46"
"42","04.10.2026","Terrain urbain","Leboncoin (Sales)","Les Mazures - Commune","29000","Actif","","commune",""
"43","04.10.2026","Terrain rural","Leboncoin (Sales)","Olizy-Primat - Commune","250000","Actif","","commune",""
"44","04.10.2026","Terrain urbain","Leboncoin (Sales)","Laval-Morency - Commune","25000","Actif","","commune",""
"45","04.10.2026","Maison","Leboncoin (Sales)","Écly - Commune","170000","Actif","110","commune","1545.45"
"46","04.10.2026","Terrain rural","Leboncoin (Sales)","Novy-Chevrières - Commune","30000","Actif","","commune",""
"47","04.10.2026","Maison","Leboncoin (Sales)","Donchery - Commune","128500","Actif","74","commune","1736.49"
"48","04.10.2026","Terrain urbain","Leboncoin (Sales)","Anchamps - Commune","20000","Actif","","commune",""
"49","04.10.2026","Maison","Leboncoin (Sales)","Foisches - Commune","130000","Actif","136","commune","955.88"
"50","03.10.2026","Maison","Seloger (Sale)","Asfeld - Commune","270000","Actif","102","commune","2647.06"
"51","03.10.2026","Appartement","Seloger (Sale)","Saint-Laurent - Commune","95000","Actif","45","commune","2111.11"
"52","01.10.2026","Maison","Green Acres","Revin - Commune","75000","Actif","112","commune","669.64"
"53","30.09.2026","Terrain urbain","Leboncoin","Vendresse - Commune","32000","Dépublié","","commune",""
"54","30.09.2026","Maison","Leboncoin","Écly - Commune","170000","Dépublié","110","commune","1545.45"
"55","27.09.2026","Appartement","Leboncoin (Sales)","avenue Charles de Gaulle, Moulinet Nord","54000","Actif","45","street_or_address","1200"
"56","27.09.2026","Terrain urbain","Leboncoin (Sales)","Vrigne-aux-Bois - Commune","99500","Actif","","commune",""
"57","27.09.2026","Terrain urbain","Leboncoin (Sales)","Boult-aux-Bois - Commune","37600","Actif","","commune",""
"58","27.09.2026","Maison","Leboncoin (Sales)","Victor Hugo Nord - Quartier","170000","Actif","105","quartier","1619.05"
"59","27.09.2026","Maison","Leboncoin (Sales)","Tagnon - Commune","270000","Actif","105","commune","2571.43"
"60","27.09.2026","Immeuble à usage mixte","Leboncoin (Sales)","rue Notre-Dame, Centre","289000","Actif","190","street_or_address","1521.05"
"61","27.09.2026","Maison","Leboncoin (Sales)","Joigny-sur-Meuse - Commune","90000","Dépublié","107","commune","841.12"
"62","27.09.2026","Immeuble résidentiel","Leboncoin (Sales)","Monthermé - Commune","163000","Dépublié","430","commune","379.07"
"63","27.09.2026","Maison","Leboncoin (Sales)","Centre Nord - Quartier","35000","Actif","75","quartier","466.67"
"64","27.09.2026","Maison","Leboncoin (Sales)","Villette Centre - Quartier","250000","Dépublié","161","quartier","1552.8"
"65","27.09.2026","Maison","Leboncoin (Sales)","Lucquy - Commune","115000","Dépublié","110","commune","1045.45"
"66","27.09.2026","Terrain urbain","Leboncoin (Sales)","Auvillers-les-Forges - Commune","65000","Actif","","commune",""
"67","27.09.2026","Terrain rural","Leboncoin (Sales)","Saint-Laurent - Commune 65 000 € Actif — <PARSED TEXT FOR PAGE: 3 / 8>","","","","street_or_address",""
"68","27.09.2026","Terrain urbain","Leboncoin (Sales)","Rouvroy-sur-Audry - Commune","","Actif","","commune",""
"69","27.09.2026","Maison","Leboncoin (Sales)","Renwez - Commune","158000","Actif","100","commune","1580"
"70","27.09.2026","Maison","Leboncoin (Sales)","Donchery - Commune","133000","Dépublié","75","commune","1773.33"
"71","27.09.2026","Garage","Leboncoin (Sales)","rue Robert Bruxelle, Manchester Nord","14000","Actif","","street_or_address",""
"72","27.09.2026","Maison","Leboncoin (Sales)","Villette Centre - Quartier","385000","Actif","170","quartier","2264.71"
"73","27.09.2026","Maison","Leboncoin (Sales)","Justine-Herbigny - Commune","144000","Actif","98","commune","1469.39"
"74","27.09.2026","Maison de campagne","Leboncoin (Sales)","Moulinet Nord - Quartier","135000","Dépublié","100","quartier","1350"
"75","27.09.2026","Maison","Leboncoin (Sales)","Villers-Semeuse - Commune","153000","Dépublié","96","commune","1593.75"
"76","27.09.2026","Maison","Leboncoin (Sales)","Victor Hugo Nord - Quartier","147000","Actif","97","quartier","1515.46"
"77","27.09.2026","Immeuble à usage mixte","Leboncoin (Sales)","Maubert-Fontaine - Commune","150000","Actif","350","commune","428.57"
"78","27.09.2026","Appartement","Leboncoin (Sales)","Attigny - Commune","120000","Actif","300","commune","400"
"79","27.09.2026","Terrain urbain","Leboncoin (Sales)","Haybes - Commune","50000","Actif","","commune",""
"80","27.09.2026","Terrain urbain","Leboncoin (Sales)","Tannay - Commune","9000","Actif","","commune",""
"81","27.09.2026","Maison","Leboncoin (Sales)","Les Faubourgs Nord - Quartier","125000","Actif","110","quartier","1136.36"
"82","27.09.2026","Maison","Leboncoin (Sales)","Lucquy - Commune","179000","Actif","130","commune","1376.92"
"83","27.09.2026","Appartement","Leboncoin (Sales)","Moulinet Nord - Quartier","242000","Actif","138","quartier","1753.62"
"84","27.09.2026","Maison","Leboncoin (Sales)","Aiglemont - Commune","81000","Actif","116","commune","698.28"
"85","27.09.2026","Maison","Leboncoin (Sales)","Amblimont - Commune","","Actif","100","commune",""
"86","27.09.2026","Appartement","Leboncoin (Sales)","Gare Nord et Ouest - Quartier","99900","Dépublié","57","quartier","1752.63"
"87","27.09.2026","Terrain rural","Leboncoin (Sales)","Margny - Commune","2400","Dépublié","","commune",""
"88","27.09.2026","Appartement","Leboncoin (Sales)","Centre - Quartier","29900","Actif","18","quartier","1661.11"
"89","27.09.2026","Terrain rural","Leboncoin (Sales)","Victor Hugo Nord - Quartier","30000","Actif","","quartier",""
"90","27.09.2026","Maison","Leboncoin (Sales)","Sécheval - Commune","229000","Actif","200","commune","1145"
"91","27.09.2026","Maison","Leboncoin (Sales)","Vendresse - Commune","120000","Actif","130","commune","923.08"
"92","27.09.2026","Terrain urbain","Leboncoin (Sales)","Coulommes-et-Marqueny - Commune","25000","Dépublié","","commune",""
"93","27.09.2026","Maison","Leboncoin (Sales)","Chaumont-Porcien - Commune","105000","Actif","95","commune","1105.26"
"94","27.09.2026","Terrain urbain","Leboncoin (Sales)","route de Bohan, Les Hautes-Rivières","127000","Actif","","street_or_address",""
"95","27.09.2026","Maison","Leboncoin (Sales)","Etion Nord - Quartier","152000","Actif","120","quartier","1266.67"
"96","27.09.2026","Terrain urbain","Leboncoin (Sales)","Lonny - Commune","59000","Actif","","commune",""
"97","27.09.2026","Commerce","Leboncoin (Sales)","Victor Hugo Nord - Quartier","115000","Actif","122","quartier","942.62"
"98","27.09.2026","Maison","Leboncoin (Sales)","Centre - Quartier","174000","Actif","134","quartier","1298.51"
"99","27.09.2026","Maison","Leboncoin (Sales)","Renwez - Commune","250000","Actif","170","commune","1470.59"
"100","27.09.2026","Maison","Leboncoin (Sales)","Ouest - Quartier","230000","Actif","154","quartier","1493.51"
"101","27.09.2026","Terrain rural","Leboncoin (Sales)","Aouste - Commune 30 000 € Actif — <PARSED TEXT FOR PAGE: 4 / 8>","","","","street_or_address",""
"102","27.09.2026","Garage","Leboncoin (Sales)","Montcy-Theux Nord - Quartier","12000","Actif","","quartier",""
"103","27.09.2026","Terrain rural","Leboncoin (Sales)","Marvaux-Vieux - Commune","6500","Actif","","commune",""
"104","27.09.2026","Maison","Leboncoin (Sales)","Sud - Quartier","135000","Actif","89","quartier","1516.85"
"105","27.09.2026","Maison","Leboncoin (Sales)","Asfeld - Commune","270000","Actif","102","commune","2647.06"
"106","27.09.2026","Terrain urbain","Leboncoin (Sales)","Amagne - Commune","200000","Actif","","commune",""
"107","27.09.2026","Maison","Leboncoin (Sales)","Villette Centre - Quartier","120000","Actif","90","quartier","1333.33"
"108","27.09.2026","Terrain urbain","Leboncoin (Sales)","Deville - Commune","29000","Actif","","commune",""
"109","27.09.2026","Maison","Leboncoin (Sales)","Centre - Quartier","174000","Actif","135","quartier","1288.89"
"110","25.09.2026","Maison","Seloger (Sale)","rue Anatole France, Wasigny","170000","Actif","210","street_or_address","809.52"
"111","25.09.2026","Maison","Seloger (Sale)","rue Anatole France, Wasigny","170000","Actif","210","street_or_address","809.52"
"112","25.09.2026","Maison","Seloger (Sale)","rue Anatole France, Wasigny","170000","Actif","210","street_or_address","809.52"
"113","25.09.2026","Maison","Seloger (Sale)","Centre - Quartier","45000","Actif","310","quartier","145.16"
"114","25.09.2026","Maison","Seloger (Sale)","Centre - Quartier","45000","Actif","310","quartier","145.16"
"115","20.09.2026","Appartement","Leboncoin (Sales)","Torcy - Quartier","50000","Actif","52","quartier","961.54"
"116","20.09.2026","Maison","Leboncoin (Sales)","place Ducale École, Montcy-Theux Nord","170000","Actif","75","street_or_address","2266.67"
"117","20.09.2026","Terrain urbain","Leboncoin (Sales)","Jandun - Commune","29000","Actif","","commune",""
"118","20.09.2026","Terrain rural","Leboncoin (Sales)","Fond de Givonne - Quartier","15000","Actif","","quartier",""
"119","20.09.2026","Maison","Leboncoin (Sales)","Est - Quartier","250000","Dépublié","141","quartier","1773.05"
"120","20.09.2026","Maison","Leboncoin (Sales)","Sud - Quartier","160000","Actif","120","quartier","1333.33"
"121","20.09.2026","Maison","Leboncoin (Sales)","Nord Ouest - Quartier","175000","Dépublié","180","quartier","972.22"
"122","20.09.2026","Appartement","Leboncoin (Sales)","place d'Arches, Les Faubourgs Nord","195000","Dépublié","102","street_or_address","1911.76"
"123","20.09.2026","Terrain urbain","Leboncoin (Sales)","Château-Porcien - Commune 95 500 € Actif — <PARSED TEXT FOR PAGE: 5 / 8>","","","","street_or_address",""
"124","20.09.2026","Maison","Leboncoin (Sales)","Torcy - Quartier","119000","Dépublié","90","quartier","1322.22"
"125","20.09.2026","Commerce","Leboncoin (Sales)","Aubigny-les-Pothées - Commune","70000","Actif","140","commune","500"
"126","20.09.2026","Appartement","Leboncoin (Sales)","Nord Ouest - Quartier","400000","Dépublié","200","quartier","2000"
"127","20.09.2026","Terrain rural","Leboncoin (Sales)","Sud - Quartier","22000","Actif","","quartier",""
"128","20.09.2026","Terrain urbain","Leboncoin (Sales)","Jandun - Commune","","Actif","","commune",""
"129","20.09.2026","Maison","Leboncoin (Sales)","Vivier-au-Court - Commune","80000","Actif","185","commune","432.43"
"130","20.09.2026","Terrain urbain","Leboncoin (Sales)","Coulommes-et-Marqueny - Commune","25000","Dépublié","","commune",""
"131","20.09.2026","Appartement","Leboncoin (Sales)","Gare Nord et Ouest - Quartier","120000","Dépublié","80","quartier","1500"
"132","20.09.2026","Terrain urbain","Leboncoin (Sales)","Balan - Commune","50000","Actif","","commune",""
"133","20.09.2026","Maison","Leboncoin (Sales)","Wasigny - Commune","57000","Actif","100","commune","570"
"134","20.09.2026","Appartement","Leboncoin (Sales)","Nord et Est - Quartier","42000","Actif","67","quartier","626.87"
"135","20.09.2026","Maison","Leboncoin (Sales)","Blagny - Commune","399000","Actif","250","commune","1596"
"136","20.09.2026","Maison","Leboncoin (Sales)","Ronde Couture-Centre - Quartier","159000","Actif","91","quartier","1747.25"
"137","20.09.2026","Maison","Leboncoin (Sales)","Centre Nord - Quartier","1234","Dépublié","100","quartier","12.34"
"138","20.09.2026","Maison","Leboncoin (Sales)","Centre - Quartier","174000","Dépublié","135","quartier","1288.89"
"139","20.09.2026","Garage","Leboncoin (Sales)","Centre - Quartier","83500","Actif","","quartier",""
"140","20.09.2026","Appartement","Leboncoin (Sales)","Sud - Quartier","105000","Actif","125","quartier","840"
"141","20.09.2026","Immeuble résidentiel","Leboncoin (Sales)","Monthermé - Commune","163000","Dépublié","430","commune","379.07"
"142","20.09.2026","Maison","Leboncoin (Sales)","Centre-Exterieurs - Quartier","160000","Actif","342","quartier","467.84"
"143","20.09.2026","Maison","Leboncoin (Sales)","Moulinet Nord - Quartier","208000","Actif","120","quartier","1733.33"
"144","20.09.2026","Parking","Leboncoin (Sales)","Gare Nord et Ouest - Quartier","20000","Dépublié","","quartier",""
"145","20.09.2026","Maison","Leboncoin (Sales)","Les Faubourgs Nord - Quartier 181 000 € Actif 140 m² <PARSED TEXT FOR PAGE: 6 / 8>","","","","street_or_address",""
"146","20.09.2026","Maison","Leboncoin (Sales)","Victor Hugo Nord - Quartier","115000","Dépublié","130","quartier","884.62"
"147","20.09.2026","Terrain urbain","Leboncoin (Sales)","Vrigne-aux-Bois - Commune","99500","Dépublié","","commune",""
"148","20.09.2026","Studio","Leboncoin (Sales)","62, boulevard Gambetta, Moulinet Nord","78000","Dépublié","21","street_or_address","3714.29"
"149","20.09.2026","Appartement","Leboncoin (Sales)","Sud - Quartier","125000","Actif","78","quartier","1602.56"
"150","20.09.2026","Maison","Leboncoin (Sales)","Nord - Quartier","117500","Actif","75","quartier","1566.67"
"151","20.09.2026","Terrain urbain","Leboncoin (Sales)","rue de la Grande Chaudière, Taillette","31000","Actif","","street_or_address",""
"152","20.09.2026","Maison","Leboncoin (Sales)","Montcy-Theux Nord - Quartier","155000","Actif","78","quartier","1987.18"
"153","20.09.2026","Garage","Leboncoin (Sales)","Wadelincourt - Commune","7500","Actif","","commune",""
"154","20.09.2026","Terrain urbain","Leboncoin (Sales)","Montcy-Notre-Dame - Commune","25000","Dépublié","","commune",""
"155","20.09.2026","Maison de ville","Leboncoin (Sales)","Wasigny - Commune","165000","Actif","210","commune","785.71"
"156","20.09.2026","Maison","Leboncoin (Sales)","Nord et Est - Quartier","310000","Actif","250","quartier","1240"
"157","20.09.2026","Appartement","Leboncoin (Sales)","Montcy-Theux Nord - Quartier","34000","Dépublié","55","quartier","618.18"
"158","20.09.2026","Maison","Leboncoin (Sales)","Montcy-Theux Nord - Quartier","152000","Actif","104","quartier","1461.54"
"159","20.09.2026","Terrain urbain","Leboncoin (Sales)","Arreux - Commune","89000","Actif","550","commune","161.82"
"160","20.09.2026","Terrain rural","Leboncoin (Sales)","Nord et Est - Quartier","6000","Actif","","quartier",""
"161","20.09.2026","Maison","Leboncoin (Sales)","Champs-Monts - Quartier","109000","Dépublié","100","quartier","1090"
"162","20.09.2026","Maison","Leboncoin (Sales)","Frenois - Quartier","142000","Actif","83","quartier","1710.84"
"163","20.09.2026","Terrain rural","Leboncoin (Sales)","Vieux-lès-Asfeld - Commune","16000","Actif","","commune",""
"164","20.09.2026","Maison","Paru Vendu","Wasigny - Commune","170000","Actif","210","commune","809.52"
"165","20.09.2026","Terrain urbain","Paru Vendu","Montcy-Notre-Dame - Commune","25000","Dépublié","320","commune","78.13"
"166","18.09.2026","Maison","Seloger (Sale)","place Ducale École, Montcy-Theux Nord","170000","Actif","75","street_or_address","2266.67"
"167","18.09.2026","Maison","Seloger (Sale)","Blagny - Commune 399 000 € Actif 250 m² <PARSED TEXT FOR PAGE: 7 / 8>","","","","street_or_address",""
"168","15.09.2026","Maison","Paru Vendu","place Ducale École, Montcy-Theux Nord 170 000 € Actif 75 m² 169","","","","street_or_address",""
"169","14.09.2026","Garage","Leboncoin (Sales)","Gare Nord et Ouest - Quartier 10 000 € Actif — 170","","","","street_or_address",""
"170","14.09.2026","Appartement","Leboncoin (Sales)","Gare Nord et Ouest - Quartier 120 000 € Dépublié 80 m² 171","","","","street_or_address",""
"171","14.09.2026","Maison","Leboncoin (Sales)","Nord Ouest - Quartier 160 000 € Actif 70 m² 172","","","","street_or_address",""
"172","14.09.2026","Terrain rural","Leboncoin (Sales)","Toges - Commune 12 500 € Actif — 173","","","","street_or_address",""
"173","14.09.2026","Terrain urbain","Leboncoin (Sales)","Sorcy-Bauthémont - Commune 57 000 € Actif — 174","","","","street_or_address",""
"174","14.09.2026","Maison","Leboncoin (Sales)","Est - Quartier 85 000 € Actif 70 m² 175","","","","street_or_address",""
"175","14.09.2026","Terrain urbain","Leboncoin (Sales)","Harcy - Commune 57 000 € Actif — 176","","","","street_or_address",""
"176","14.09.2026","Maison","Leboncoin (Sales)","Blagny - Commune 170 000 € Actif 127 m² 177","","","","street_or_address",""
"177","14.09.2026","Maison","Leboncoin (Sales)","Rocroi - Commune 149 000 € Actif 82 m² 178","","","","street_or_address",""
"178","14.09.2026","Terrain urbain","Leboncoin (Sales)","Floing - Commune 38 000 € Actif — 179","","","","street_or_address",""
"179","14.09.2026","Maison","Leboncoin (Sales)","Sud - Quartier 160 000 € Dépublié 120 m² 180","","","","street_or_address",""
"180","14.09.2026","Terrain urbain","Leboncoin (Sales)","route de Stenay Idéalement, Amblimont 29 000 € Dépublié — 181","","","","street_or_address",""
"181","14.09.2026","Appartement","Leboncoin (Sales)","Moulinet Nord - Quartier 99 900 € Dépublié 60 m² 182","","","","street_or_address",""
"182","14.09.2026","Maison","Leboncoin (Sales)","rue Peu Passante Beau, La Francheville 256 000 € Dépublié 157 m² 183","","","","street_or_address",""
"183","14.09.2026","Maison","Leboncoin (Sales)","Manchester Nord - Quartier 230 000 € Actif 151 m² 184","","","","street_or_address",""
"184","14.09.2026","Appartement","Leboncoin (Sales)","place d'Arches, Les Faubourgs Nord 195 000 € Dépublié 102 m² 185","","","","street_or_address",""
"185","14.09.2026","Terrain rural","Leboncoin (Sales)","chemin Vert., Deville 1 000 € Dépublié — 186","","","","street_or_address",""
"186","14.09.2026","Terrain rural","Leboncoin (Sales)","Chilly - Commune 9 999 € Dépublié — 187","","","","street_or_address",""
"187","14.09.2026","Maison","Leboncoin (Sales)","Prix-lès-Mézières - Commune 165 000 € Actif 130 m² 188","","","","street_or_address",""
"188","13.09.2026","Maison de ville","Leboncoin (Sales)","La Francheville - Commune 189 000 € Actif 180 m² 189","","","","street_or_address",""
"189","13.09.2026","Studio","Leboncoin (Sales)","62, boulevard Gambetta, Moulinet Nord 78 000 € Dépublié 21 m² <PARSED TEXT FOR PAGE: 8 / 8>","","","","street_or_address",""
"190","13.09.2026","Maison de ville","Leboncoin (Sales)","Centre - Quartier","120000","Actif","158","quartier","759.49"
"191","13.09.2026","Studio","Leboncoin (Sales)","Gare Nord et Ouest - Quartier","42000","Dépublié","20","quartier","2100"
"192","13.09.2026","Appartement","Leboncoin (Sales)","Centre - Quartier","98000","Actif","68","quartier","1441.18"
"193","13.09.2026","Terrain rural","Leboncoin (Sales)","Buzancy - Commune","9000","Actif","","commune",""
"194","13.09.2026","Maison","Leboncoin (Sales)","av Roger Ponsart Launois Sur Vence, Launois-sur-Vence","40000","Actif","370","commune","108.11"
"195","13.09.2026","Maison","Leboncoin (Sales)","Auboncourt-Vauzelles - Commune","205000","Dépublié","130","commune","1576.92"
"196","13.09.2026","Maison","Leboncoin (Sales)","Écly - Commune","175000","Dépublié","110","commune","1590.91"
"197","13.09.2026","Terrain urbain","Leboncoin (Sales)","Carignan - Commune","30000","Actif","","commune",""
"198","13.09.2026","Maison","Leboncoin (Sales)","Nord et Est - Quartier","109000","Dépublié","100","quartier","1090"
"199","13.09.2026","Maison","Leboncoin (Sales)","Nord Ouest - Quartier","133000","Actif","81","quartier","1641.98"
"200","13.09.2026","Maison","Leboncoin (Sales)","Villette Centre - Quartier","345000","Actif","206","quartier","1674.76"
